{
  "type": "create:mixing",
  "ingredients": [
    {
      "item": "minecraft:egg"
    },
    {
      "item": "create:experience_nugget"
    },
    {
      "item": "minecraft:magma_block"
    },
    {
      "item": "minecraft:saddle"
    },
    {
      "amount": 250,
      "fluid": "create:potion",
      "nbt": {
        "Bottle": "REGULAR",
        "Potion": "minecraft:strong_healing"
      }
    }
  ],
  "results": [
    {
      "item": "minecraft:strider_spawn_egg",
      "count": 1
    }
  ]
}