{
  "type": "create:mixing",
  "ingredients": [
    {
      "item": "minecraft:egg"
    },
    {
      "item": "create:experience_nugget"
    },
    {
      "item": "minecraft:emerald"
    },
    {
      "item": "minecraft:blue_wool"
    },
    {
      "amount": 500,
      "fluid": "create:potion",
      "nbt": {
        "Bottle": "REGULAR",
        "Potion": "minecraft:healing"
      }
    }
  ],
  "results": [
    {
      "item": "minecraft:wandering_trader_spawn_egg",
      "count": 1
    }
  ]
}